2025-10-21T23:25:32.755999,7414394764,,58
2025-10-24T22:11:53.918568,7414394764,,/ads/active-accounts,search,0
2025-10-24T22:11:57.997492,7414394764,,/ads/example-report,search,0
2025-10-24T22:33:09.517928,7414394764,,/ads/example-report,search,0
2025-10-24T22:33:15.423955,7414394764,,/ads/active-accounts,search,0
2025-10-24T22:33:41.067954,7414394764,,/ads/active-accounts,search,0
2025-10-24T22:42:42.540699,8115409644,OsIqWWyltQG6F9ditWCtZw,/ads/report-30d,search,0
2025-10-24T22:49:45.303372,7414394764,0Lxo0sZ7zse5GlaXqZMNLA,/ads/report-30d,search,0
2025-10-24T22:52:04.062387,8115409644,qPuG-ror8F8qHpnp1tCZnw,/ads/report-30d,search,0
2025-10-24T22:52:49.228436,7414394764,P-iRYr-_Hhq1jKP7B_msug,/ads/report-30d,search,0
2025-10-24T22:53:06.990408,8115409644,Uf7WKeN3gW7v6BmVRNGrlQ,/ads/report-30d,search,0
2025-10-24T22:56:31.613946,8115409644,6mmnhCTrABXOVycixfYlqQ,/ads/report-30d,search,0
2025-10-24T22:57:01.995623,8115409644,m0fGXXHMe2jK11uj7UOI5A,/ads/report-30d,search,0
2025-10-24T22:59:19.200390,8115409644,PoOqdjH16bBWVeXeitp95A,/ads/report-30d,search,0
2025-10-24T22:59:38.309632,8115409644,yc1ySnE99M-qd5IkwYhBkg,/ads/report-30d,search,0
2025-10-25T05:36:42.420464,7414394764,,/ads/active-accounts,search,0
2025-10-25T05:39:34.336763,global,,/ads/customers,list,0
2025-10-27T22:15:57.485125,7414394764,,/ads/example-report,search,0
2025-10-27T22:16:02.041333,7414394764,,/ads/active-accounts,search,0
2025-10-27T22:31:21.856051,9712822605,kPyJK-Jd79LkbH1wdJPF_g,/ads/report-ytd,search,0
2025-10-28T20:52:51.918595,6289539358,q8mXXqC77q2vzmlJs-PzBg,/ads/report-ytd,search,0
